ID_Fornecedor,Nome_Fornecedor
FOR0001,Fornecedor 1
FOR0002,Fornecedor 2
FOR0003,Fornecedor 3
FOR0004,Fornecedor 4
FOR0005,Fornecedor 5
FOR0006,Fornecedor 6
FOR0007,Fornecedor 7
FOR0008,Fornecedor 8
FOR0009,Fornecedor 9
FOR0010,Fornecedor 10
FOR0011,Fornecedor 11
FOR0012,Fornecedor 12
FOR0013,Fornecedor 13
FOR0014,Fornecedor 14
FOR0015,Fornecedor 15
FOR0016,Fornecedor 16
FOR0017,Fornecedor 17
FOR0018,Fornecedor 18
FOR0019,Fornecedor 19
FOR0020,Fornecedor 20
FOR0021,Fornecedor 21
FOR0022,Fornecedor 22
FOR0023,Fornecedor 23
FOR0024,Fornecedor 24
FOR0025,Fornecedor 25
FOR0026,Fornecedor 26
FOR0027,Fornecedor 27
FOR0028,Fornecedor 28
FOR0029,Fornecedor 29
FOR0030,Fornecedor 30
FOR0031,Fornecedor 31
FOR0032,Fornecedor 32
FOR0033,Fornecedor 33
FOR0034,Fornecedor 34
FOR0035,Fornecedor 35
FOR0036,Fornecedor 36
FOR0037,Fornecedor 37
FOR0038,Fornecedor 38
FOR0039,Fornecedor 39
FOR0040,Fornecedor 40
FOR0041,Fornecedor 41
FOR0042,Fornecedor 42
FOR0043,Fornecedor 43
FOR0044,Fornecedor 44
FOR0045,Fornecedor 45
FOR0046,Fornecedor 46
FOR0047,Fornecedor 47
FOR0048,Fornecedor 48
FOR0049,Fornecedor 49
FOR0050,Fornecedor 50
FOR0051,Fornecedor 51
FOR0052,Fornecedor 52
FOR0053,Fornecedor 53
FOR0054,Fornecedor 54
FOR0055,Fornecedor 55
FOR0056,Fornecedor 56
FOR0057,Fornecedor 57
FOR0058,Fornecedor 58
FOR0059,Fornecedor 59
FOR0060,Fornecedor 60
FOR0061,Fornecedor 61
FOR0062,Fornecedor 62
FOR0063,Fornecedor 63
FOR0064,Fornecedor 64
FOR0065,Fornecedor 65
FOR0066,Fornecedor 66
FOR0067,Fornecedor 67
FOR0068,Fornecedor 68
FOR0069,Fornecedor 69
FOR0070,Fornecedor 70
FOR0071,Fornecedor 71
FOR0072,Fornecedor 72
FOR0073,Fornecedor 73
FOR0074,Fornecedor 74
FOR0075,Fornecedor 75
FOR0076,Fornecedor 76
FOR0077,Fornecedor 77
FOR0078,Fornecedor 78
FOR0079,Fornecedor 79
FOR0080,Fornecedor 80
FOR0081,Fornecedor 81
FOR0082,Fornecedor 82
FOR0083,Fornecedor 83
FOR0084,Fornecedor 84
FOR0085,Fornecedor 85
FOR0086,Fornecedor 86
FOR0087,Fornecedor 87
FOR0088,Fornecedor 88
FOR0089,Fornecedor 89
FOR0090,Fornecedor 90
FOR0091,Fornecedor 91
FOR0092,Fornecedor 92
FOR0093,Fornecedor 93
FOR0094,Fornecedor 94
FOR0095,Fornecedor 95
FOR0096,Fornecedor 96
FOR0097,Fornecedor 97
FOR0098,Fornecedor 98
FOR0099,Fornecedor 99
FOR0100,Fornecedor 100
