ID_Vendedor,Nome_Vendedor
V001,Vendedor 1
V002,Vendedor 2
V003,Vendedor 3
V004,Vendedor 4
V005,Vendedor 5
V006,Vendedor 6
V007,Vendedor 7
V008,Vendedor 8
V009,Vendedor 9
V010,Vendedor 10
V011,Vendedor 11
V012,Vendedor 12
V013,Vendedor 13
V014,Vendedor 14
V015,Vendedor 15
V016,Vendedor 16
V017,Vendedor 17
V018,Vendedor 18
V019,Vendedor 19
V020,Vendedor 20
V021,Vendedor 21
V022,Vendedor 22
V023,Vendedor 23
V024,Vendedor 24
V025,Vendedor 25
V026,Vendedor 26
V027,Vendedor 27
V028,Vendedor 28
V029,Vendedor 29
V030,Vendedor 30
